Workbook

Sheet Project Info
A1: Parameters | B1: Value
A2: ProjectTitle | B2: Project_01
A3: Section | B3: A
A4: UnitForce | B4: kN
A5: UnitLength | B5: m
A6: UnitTime | B6: s
A7: ModelType | B7: Plane Strain
A8: ElementType | B8: 15Noded
A9: BoreholeType | B9: Manual
A10: Borehole | B10: BH_01
A11: DesignApproach | B11: SLS

Sheet Geometry Info
A1: Parameters | B1: Value
A2: ExcavationType | B2: Double Side
A3: WallTopLevel | B3: 100
A4: ExcavationDepth | B4: 10
A5: ExcavationWidth | B5: 10
A6: ToeLevel | B6: 80
A7: NoOfStrut | B7: 2
A8: Strut1Level | B8: 98
A9: Strut1_Material | B9: Steel
A10: Strut1_MemberSize | B10: UC203x203x86
A11: Strut2Level | B11: 95
A12: Strut1_Material | B12: Steel
A13: Strut1_MemberSize | B13: UC203x203x86
A14: ExcavationBelowStrut | B14: 1
A15: OverExcavation | B15: 0.5
A16: WallType | B16: Soldier Pile
A17: Material | B17: Steel
A18: MemberSize | B18: UB762x267x173
A19: Spacing | B19: 2
A20: Borehole_x_coordinate | B20: -10
A21: GroundWatertable | B21: 100
A22: x_min_coordinate | B22: =-(B5/2 + 4*B4) -> -45
A23: y_min_coordinate | B23: =B3-4*B4 -> 60
A24: x_max_coordinate | B24: =(B5/2 + 4*B4) -> 45
A25: y_max_coordinate | B25: =B3+B4 -> 110

Sheet Borehole
A1: SoilType | B1: SPT | C1: Top | D1: Bottom
A2: Fill | C2: =[1]Geometry!D8 -> 100 | D2: 97
A3: F1 | C3: =D2 -> 97 | D3: 93
A4: F2 | C4: =D3 -> 93 | D4: 87
A5: OA(D) | C5: =D4 -> 87 | D5: 80
A6: OA(B) | C6: =D5 -> 80 | D6: 70
A7: OA(A) | C7: =C6 -> 80 | D7: 60

Sheet Excavation Details
A1: StageNo | B1: StageName | C1: y_start_Left | D1: y_end_Left | E1: x_Left | F1: y_start_Right | G1: y_end_Right | H1: x_Right
A2: 1 | B2: Excavate to RL 97.5 | C2: 100 | D2: 97.5 | E2: ='ERSS Wall Detail'!C2 -> -5 | F2: 100 | G2: 97.5 | H2: ='ERSS Wall Detail'!C3 -> 5
A3: 2 | B3: Excavate to RL 94.5 | C3: 97.5 | D3: 94.5 | E3: ='ERSS Wall Detail'!C2 -> -5 | F3: 97.5 | G3: 94.5 | H3: ='ERSS Wall Detail'!C3 -> 5
A4: 3 | B4: Excavate to RL 92.5 | C4: 94.5 | D4: 92.5 | E4: ='ERSS Wall Detail'!C2 -> -5 | F4: 94.5 | G4: 92.5 | H4: ='ERSS Wall Detail'!C3 -> 5
A5: 4 | B5: Over Excavation | C5: 92.5 | D5: 92 | E5: ='ERSS Wall Detail'!C2 -> -5 | F5: 92.5 | G5: 92 | H5: ='ERSS Wall Detail'!C3 -> 5

Sheet Plate Properties
A1: MaterialName | B1: Elasticity | C1: IsIsotropic | D1: EA | E1: EA2 | F1: EI | G1: d | H1: E | I1: Gref | J1: w | K1: StrutNu | L1: Colour
A2: SoldierPile | B2: Elastic | C2: True | D2: 4620000 | E2: 462000 | F2: 431130 | G2: =SQRT(12*F2/D2) -> 1.0582146 | H2: =D2/G2 -> 4365844 | I2: =H2/(2*(1+K2)) -> 1819101.7 | J2: 1.73 | K2: 0.2 | L2: 17523200

Sheet Soil Properties
A1: MaterialName | B1: SoilModel | C1: DrainageType | D1: gammaUnsat | E1: gammaSat | F1: Eref | G1: nu | H1: cref | I1: phi | J1: kx | K1: ky | L1: Strength | M1: Rinter | N1: K0Determination | O1: K0Primary | P1: Colour
A2: Fill | B2: Mohrcoulomb | C2: Drained | D2: 17 | E2: 18 | F2: 10000 | G2: 0.3 | H2: 1 | I2: 30 | J2: 1e-06 | K2: 1e-06 | L2: Manual | M2: 0.7 | N2: Manual | O2: 0.5 | P2: 15236578
A3: F1 | B3: Mohrcoulomb | C3: Drained | D3: 17 | E3: 18 | F3: 6000 | G3: 0.3 | H3: 1 | I3: 30 | J3: 1e-06 | K3: 1e-06 | L3: Manual | M3: 0.7 | N3: Manual | O3: 0.5 | P3: 16236578
A4: F2 | B4: Mohrcoulomb | C4: Undrainedb | D4: 17 | E4: 18 | F4: 5000 | G4: 0.3 | H4: 10 | I4: 25 | J4: 1e-06 | K4: 1e-06 | L4: Manual | M4: 0.7 | N4: Manual | O4: 0.5 | P4: 17236578
A5: OA(D) | B5: Mohrcoulomb | C5: Drained | D5: 18 | E5: 19 | F5: 25000 | G5: 0.3 | H5: 4 | I5: 32 | J5: 1e-06 | K5: 1e-06 | L5: Manual | M5: 0.7 | N5: Manual | O5: 0.7 | P5: 18236578
A6: OA(B) | B6: Mohrcoulomb | C6: Drained | D6: 19 | E6: 20 | F6: 75000 | G6: 0.3 | H6: 8 | I6: 32 | J6: 1e-06 | K6: 1e-06 | L6: Manual | M6: 0.7 | N6: Manual | O6: 0.7 | P6: 19236578
A7: OA(A) | B7: Mohrcoulomb | C7: Drained | D7: 19 | E7: 20 | F7: 150000 | G7: 0.3 | H7: 10 | I7: 32 | J7: 1e-06 | K7: 1e-06 | L7: Manual | M7: 1.7 | N7: Manual | O7: 0.8 | P7: 20236578

Sheet Anchor Properties
A1: MaterialName | B1: Elasticity | C1: EA | D1: Lspacing | E1: Colour
A2: UC203x203x71 | B2: Elastic | C2: 1898400 | D2: 6 | E2: 17603200
A3: UC203x203x86 | B3: Elastic | C3: 2310000 | D3: 6 | E3: 17503200

Sheet ERSS Wall Detail
A1: MaterialName | B1: WallName | C1: x_Top | D1: y_Top | E1: x_Bottom | F1: y_Bottom
A2: ='Plate Properties'!A2 -> SoldierPile | B2: Wall_Left | C2: =-('Geometry Info'!B5)/2 -> -5 | D2: ='Geometry Info'!B3 -> 100 | E2: =C2 -> -5 | F2: ='Geometry Info'!B6 -> 80
A3: ='Plate Properties'!A2 -> SoldierPile | B3: Wall_Right | C3: =('Geometry Info'!B5)/2 -> 5 | D3: ='Geometry Info'!B3 -> 100 | E3: =C3 -> 5 | F3: ='Geometry Info'!B6 -> 80

Sheet Strut Details
A1: MaterialName | B1: StrutName | C1: x_Left | D1: y_Left | E1: x_Right | F1: y_Right | G1: Type | H1: Direction_x | I1: Direction_y
A2: ='Anchor Properties'!A2 -> UC203x203x71 | B2: Strut_1 | C2: ='ERSS Wall Detail'!C2 -> -5 | D2: ='Geometry Info'!B8 -> 98 | E2: ='ERSS Wall Detail'!C3 -> 5 | F2: ='Geometry Info'!B8 -> 98 | G2: n2n
A3: ='Anchor Properties'!A3 -> UC203x203x86 | B3: Strut_2 | C3: ='ERSS Wall Detail'!C2 -> -5 | D3: ='Geometry Info'!B11 -> 95 | E3: ='ERSS Wall Detail'!C3 -> 5 | F3: ='Geometry Info'!B11 -> 95 | G3: n2n

Sheet Line Load
A1: LoadName | B1: x_start | C1: y_start | D1: x_end | E1: y_end | F1: qx_start | G1: qy_start | H1: Distribution
A2: LL_Left | B2: =('ERSS Wall Detail'!C2-1) -> -6 | C2: ='ERSS Wall Detail'!D2 -> 100 | D2: =B2-'Geometry Info'!B4 -> -16 | E2: ='ERSS Wall Detail'!D2 -> 100 | F2: 0 | G2: -10 | H2: Uniform
A3: LL_Right | B3: ='ERSS Wall Detail'!C3+1 -> 6 | C3: ='ERSS Wall Detail'!D3 -> 100 | D3: =B3+'Geometry Info'!B4 -> 16 | E3: ='ERSS Wall Detail'!D3 -> 100 | F3: 0 | G3: -10 | H3: Uniform

Sheet Construction Sequence
A1: PhaseNo | B1: PhaseName | C1: ElementType | D1: ElementName | E1: Action | F1: ModelElementType
A2: Phase_0 | B2: Initial Phase | C2: None | E2: None
A3: Phase_01 | B3: Activate Live Load | C3: Line Load | D3: LL_Left | E3: Activate | F3: Line
A4: Phase_01 | B4: Activate Live Load | C4: Line Load | D4: LL_Right | E4: Activate | F4: Line
A5: Phase_02 | B5: Activate_ERSS_Wall | C5: ERSS Wall | D5: Wall_Left | E5: Activate | F5: Line
A6: Phase_02 | B6: Activate_ERSS_Wall | C6: ERSS Wall | D6: Wall_Right | E6: Activate | F6: Line
A7: Phase_03 | B7: ='Excavation Details'!B2 -> Excavate to RL 97.5 | C7: Excavation | D7: 1 | E7: Deactivate | F7: Polygon
A8: Phase_04 | B8: Install Strut1 | C8: Strut | D8: Strut_1 | E8: Activate | F8: Line
A9: Phase_05 | B9: ='Excavation Details'!B3 -> Excavate to RL 94.5 | C9: Excavation | D9: 2 | E9: Deactivate | F9: Polygon
A10: Phase_06 | B10: Install Strut2 | C10: Strut | D10: Strut_2 | E10: Activate | F10: Line
A11: Phase_07 | B11: ='Excavation Details'!B4 -> Excavate to RL 92.5 | C11: Excavation | D11: 3 | E11: Deactivate | F11: Polygon
A12: Phase_08 | B12: ='Excavation Details'!B5 -> Over Excavation | C12: Excavation | D12: 4 | E12: Deactivate | F12: Polygon
